{
  "case_template": {
    "main": {
      "data_root_path": "D:/PG2019/data/test/",
      "start_idx": 0,
      "end_idx": 450,
      "is_viewer": false,
      "tex_mesh_path": "test_tex.obj",
      "atlas_path": "l7v2",
      "unit_test_path": "l7v2"
    },
    "mapper4D": {
      "c_d_extrinsic": [
        0.9999,
        -0.0105,
        -0.0051,
        -0.03950594,
        0.0104,
        0.9999,
        -0.0086,
        0.02076685,
        0.0052,
        0.0086,
        0.9999,
        0.01531095
      ],
      "color_intrinsic": {
        "fx": 1054.36347,
        "fy": 1055.24757,
        "cx": 981.86000,
        "cy": 554.86172,
        "width": 1920,
        "height": 1080
      },
      "depth_intrinsic": {
        "fx": 372.52825,
        "fy": 373.21765,
        "cx": 255.50,
        "cy": 211.50,
        "width": 512,
        "height": 424
      },
      "depth_test": 0.05,
      "layer_number": 7
    },
    "simplifier": {
      "div_per_layer": 2.0
    },
    "optimizer": {
      "atlas_side_length": 4000,
      "opt_iter_per_layer": 200,
      "from_file": false
    },
    "renderer": {
      "rendering_spots": {
        "1c": [ 1.000000, 0.000000, 0.000000, 0.000000, 0.000000, 1.000000, 0.000000, 0.000000, 0.000000, 0.000000, 1.000000, 0.000000, 0.000000, 0.000000, 0.000000, 1.000000 ],
        "2c": [ 0.786488, 0.186424, -0.588797, 0.000000, 0.174066, -0.981615, -0.078288, 0.000000, -0.592569, -0.040917, -0.804482, 0.000000, 0.118705, -0.574256, -1.000589, 1.000000 ],
        "3c": [ 0.982610, 0.042822, 0.180662, 0.000000, 0.009109, -0.982985, 0.183452, 0.000000, 0.185444, -0.178616, -0.966285, 0.000000, 0.051493, -0.334063, -0.704397, 1.000000 ],
        "4c": [ 0.624310, -0.111291, 0.773208, 0.000000, -0.286360, -0.953502, 0.093973, 0.000000, 0.726798, -0.280084, -0.627152, 0.000000, -0.037932, -0.707142, -0.436207, 1.000000 ],
        "5c": [ 0.935017, 0.067252, 0.348168, 0.000000, -0.094926, 0.993484, 0.063025, 0.000000, -0.341662, -0.091981, 0.935310, 0.000000, 0.104452, -0.826626, 0.006363, 1.000000 ],
        "6c": [ 0.935017, 0.067252, 0.348168, 0.000000, -0.094926, 0.993484, 0.063025, 0.000000, -0.341662, -0.091981, 0.935310, 0.000000, 0.104452, -0.826626, 0.006363, 1.000000 ],
        "7c": [ 0.935017, 0.067252, 0.348168, 0.000000, -0.094926, 0.993484, 0.063025, 0.000000, -0.341662, -0.091981, 0.935310, 0.000000, 0.104452, -0.826626, 0.006363, 1.000000 ],
        "8c": [ 0.948894, 0.060358, 0.309767, 0.000000, -0.002670, 0.983040, -0.183365, 0.000000, -0.315581, 0.173166, 0.932961, 0.000000, 0.187689, -0.111430, -0.755938, 1.000000 ],
        "9c": [ 0.948894, 0.060358, 0.309767, 0.000000, -0.002670, 0.983040, -0.183365, 0.000000, -0.315581, 0.173166, 0.932961, 0.000000, 0.187689, -0.111430, -0.755938, 1.000000 ],
        "0c": [ -0.621197, -0.614016, 0.486928, 0.000000, -0.774553, 0.386637, -0.500580, 0.000000, 0.119100, -0.688108, -0.715760, 0.000000, -0.218448, -1.234539, -3.380317, 1.000000 ],
        "1o": [ 1.000000, 0.000000, 0.000000, 0.000000, 0.000000, 1.000000, 0.000000, 0.000000, 0.000000, 0.000000, 1.000000, 0.000000, 0.000000, 0.000000, 0.000000, 1.000000 ],
        "2o": [ 1.000000, 0.000000, 0.000000, 0.000000, 0.000000, 1.000000, 0.000000, 0.000000, 0.000000, 0.000000, 1.000000, 0.000000, 0.000000, 0.000000, 0.000000, 1.000000 ],
        "3o": [ 0.986611, 0.014195, 0.162472, 0.000000, -0.020081, 0.999198, 0.034645, 0.000000, -0.161850, -0.037444, 0.986105, 0.000000, 0.000000, 0.000000, 0.000000, 1.000000 ],
        "4o": [ 1.000000, 0.000000, 0.000000, 0.000000, 0.000000, 1.000000, 0.000000, 0.000000, 0.000000, 0.000000, 1.000000, 0.000000, 0.000000, 0.000000, 0.000000, 1.000000 ],
        "5o": [ 0.377372, -0.106378, -0.919930, 0.000000, 0.089848, -0.984486, 0.150699, 0.000000, -0.921689, -0.139524, -0.361961, 0.000000, -0.294934, 0.295450, -0.775550, 1.000000 ],
        "6o": [ 0.972390, -0.066260, -0.223740, 0.000000, 0.011398, -0.944203, 0.329160, 0.000000, -0.233066, -0.322624, -0.917384, 0.000000, -0.294934, 0.295450, -0.775550, 1.000000 ],
        "7o": [ 0.922147, -0.115325, 0.369240, 0.000000, -0.213051, -0.948120, 0.235951, 0.000000, 0.322873, -0.296250, -0.898881, 0.000000, -0.294934, 0.295450, -0.775550, 1.000000 ],
        "8o": [ 0.974092, -0.035800, -0.223282, 0.000000, -0.085950, -0.971898, -0.219140, 0.000000, -0.209163, 0.232654, -0.949799, 0.000000, -0.433906, 0.301579, -0.812317, 1.000000 ],
        "9o": [ 0.974092, -0.035800, -0.223282, 0.000000, -0.085950, -0.971898, -0.219140, 0.000000, -0.209163, 0.232654, -0.949799, 0.000000, -0.433906, 0.301579, -0.812317, 1.000000 ],
        "0o": [ -0.699442, -0.684189, 0.206543, 0.000000, 0.641508, -0.473646, 0.603426, 0.000000, -0.315030, 0.554563, 0.770203, 0.000000, -0.339723, -0.255413, -1.631410, 1.000000 ]
      },
      "shader_atlas": "atlas",
      "shader_model": "model",
      "shader_sub_atlas": "sub_atlas",
      "shader_mask": "mask"
    },
    "any": {
      "unit_test": false,
      "mesh_extension": "off",
      "face_normal_clockwise": true
    }
  },
  "case_hyomin" : {
      "main" : {
         "data_root_path" : "D:/PG2019/data/hyomin/",
         "start_idx" : 0,
         "end_idx" : 460,
         "is_viewer" : false,
         "tex_mesh_path" : "190503_hyomin_dance_tex.obj",
         "atlas_path": "l7v2ws",
         "unit_test_path" : "l7v2ws"
      },
      "mapper4D" : {
         "c_d_extrinsic" : [ 0.9999, -0.0105, -0.0051, -0.03950594,
            0.0104, 0.9999, -0.0086, 0.02076685,
            0.0052, 0.0086, 0.9999, 0.01531095
           ],
         "color_intrinsic" : {
            "fx" : 1054.36347,
            "fy" : 1055.24757,
            "cx" : 981.86000,
            "cy" : 554.86172,
            "width" : 1920,
            "height" : 1080
         },
         "depth_intrinsic" : {          
            "fx" : 372.52825,
            "fy" : 373.21765,
            "cx" : 255.50,
            "cy" : 211.50,
            "width" : 512,
            "height" : 424
         },
         "depth_test" : 0.05,
         "layer_number" : 6
      },
      "simplifier" : {
         "div_per_layer" : 2.0
      },
      "optimizer" : {
         "atlas_side_length" : 4000,
         "opt_iter_per_layer" : 200,
         "from_file" : false
      },
      "renderer" : {
         "rendering_spots" : {
            "1c":[1.000000, 0.000000, 0.000000, 0.000000, 0.000000, 1.000000, 0.000000, 0.000000, 0.000000, 0.000000, 1.000000, 0.000000, 0.000000, 0.000000, 0.000000, 1.000000],
            "2c":[0.786488, 0.186424, -0.588797, 0.000000, 0.174066, -0.981615, -0.078288, 0.000000, -0.592569, -0.040917, -0.804482, 0.000000, 0.118705, -0.574256, -1.000589, 1.000000],
            "3c":[0.982610, 0.042822, 0.180662, 0.000000, 0.009109, -0.982985, 0.183452, 0.000000, 0.185444, -0.178616, -0.966285, 0.000000, 0.051493, -0.334063, -0.704397, 1.000000],
            "4c":[0.624310, -0.111291, 0.773208, 0.000000, -0.286360, -0.953502, 0.093973, 0.000000, 0.726798, -0.280084, -0.627152, 0.000000, -0.037932, -0.707142, -0.436207, 1.000000],
            "5c":[0.935017, 0.067252, 0.348168, 0.000000, -0.094926, 0.993484, 0.063025, 0.000000, -0.341662, -0.091981, 0.935310, 0.000000, 0.104452, -0.826626, 0.006363, 1.000000],
            "6c":[0.935017, 0.067252, 0.348168, 0.000000, -0.094926, 0.993484, 0.063025, 0.000000, -0.341662, -0.091981, 0.935310, 0.000000, 0.104452, -0.826626, 0.006363, 1.000000],
            "7c":[0.935017, 0.067252, 0.348168, 0.000000, -0.094926, 0.993484, 0.063025, 0.000000, -0.341662, -0.091981, 0.935310, 0.000000, 0.104452, -0.826626, 0.006363, 1.000000],
            "8c":[0.948894, 0.060358, 0.309767, 0.000000, -0.002670, 0.983040, -0.183365, 0.000000, -0.315581, 0.173166, 0.932961, 0.000000, 0.187689, -0.111430, -0.755938, 1.000000],
            "9c":[0.948894, 0.060358, 0.309767, 0.000000, -0.002670, 0.983040, -0.183365, 0.000000, -0.315581, 0.173166, 0.932961, 0.000000, 0.187689, -0.111430, -0.755938, 1.000000],